17850,John Smith,john.smith@gmail.com,555-1234
17850,Jane Doe,jane.doe@yahoo.com,555-5678
13047,Michael Johnson,michael.johnson@gmail.com,555-7890
12583,Emily Davis,emily.davis@yahoo.com,555-2345
13748,David Wilson,david.wilson@gmail.com,555-6789
15100,Sarah Brown,sarah.brown@yahoo.com,555-4321
15291,James Miller,james.miller@gmail.com,555-8765
14688,Lisa Taylor,lisa.taylor@yahoo.com,555-2109
17809,Robert Martinez,robert.martinez@gmail.com,555-5432
15311,Jennifer Lee,jennifer.lee@yahoo.com,555-0987
14527,William Clark,william.clark@gmail.com,555-3456
16098,Jessica White,jessica.white@yahoo.com,555-7890
18074,Daniel Hall,daniel.hall@gmail.com,555-2345
17420,Amanda Young,amanda.young@yahoo.com,555-6789
16029,Kevin King,kevin.king@gmail.com,555-4321
16250,Maria Garcia,maria.garcia@yahoo.com,555-8765
12431,Christopher Lopez,christopher.lopez@gmail.com,555-2109
17511,Laura Scott,laura.scott@yahoo.com,555-5432
17548,Jason Green,jason.green@gmail.com,555-0987
13705,Michelle Adams,michelle.adams@yahoo.com,555-3456
13747,Brian Hernandez,brian.hernandez@gmail.com,555-7890
13408,Samantha Torres,samantha.torres@yahoo.com,555-2345
13767,Timothy Nguyen,timothy.nguyen@gmail.com,555-6789
17924,Heather Patel,heather.patel@yahoo.com,555-4321
13448,Nicholas Gonzales,nicholas.gonzales@gmail.com,555-8765
15862,Ashley Carter,ashley.carter@yahoo.com,555-2109
15513,Eric Ramirez,eric.ramirez@gmail.com,555-5432
12791,Megan Foster,megan.foster@yahoo.com,555-0987
16218,Benjamin Brooks,benjamin.brooks@gmail.com,555-3456
14045,Rebecca Ward,rebecca.ward@yahoo.com,555-7890
14307,Jonathan Gray,jonathan.gray@gmail.com,555-2345
17908,Amy Cox,amy.cox@yahoo.com,555-6789
17920,Patrick Kelly,patrick.kelly@gmail.com,555-4321
,Rachel Rivera,rachel.rivera@yahoo.com,555-8765
12838,Joshua Price,joshua.price@gmail.com,555-2109
13255,Victoria Ward,victoria.ward@yahoo.com,555-5432
16583,Kyle Bailey,kyle.bailey@gmail.com,555-0987
18085,Amanda Baker,amanda.baker@yahoo.com,555-3456
13758,Christopher Reed,christopher.reed@gmail.com,555-7890
13694,Melissa Cox,melissa.cox@yahoo.com,555-2345
15983,Jordan Hughes,jordan.hughes@gmail.com,555-6789
14849,Laura Mason,laura.mason@yahoo.com,555-4321
17968,Samuel Turner,samuel.turner@gmail.com,555-8765
16210,Brittany Ward,brittany.ward@yahoo.com,555-2109
17897,Nathan Brooks,nathan.brooks@gmail.com,555-5432
17377,Christina Hayes,christina.hayes@yahoo.com,555-0987
16552,Justin Sanders,justin.sanders@gmail.com,555-3456
17181,Kelly Mitchell,kelly.mitchell@yahoo.com,555-7890
17951,Megan Ramirez,megan.ramirez@gmail.com,555-2345
14729,Bradley Ward,bradley.ward@yahoo.com,555-6789
12748,Lindsey Hughes,lindsey.hughes@gmail.com,555-1234
15012,Tyler Coleman,tyler.coleman@yahoo.com,555-5678
12868,Amanda Russell,amanda.russell@gmail.com,555-7890
17572,Patrick Nelson,patrick.nelson@yahoo.com,555-2345
14078,Heather Perry,heather.perry@gmail.com,555-6789
14001,Richard Butler,richard.butler@yahoo.com,555-4321
12662,Danielle Ward,danielle.ward@gmail.com,555-8765
15525,Timothy Green,timothy.green@yahoo.com,555-2109
14237,Katherine Brooks,katherine.brooks@gmail.com,555-5432
17905,Nicholas Foster,nicholas.foster@yahoo.com,555-0987
15485,Chelsea Stewart,chelsea.stewart@gmail.com,555-3456
12433,Justin Coleman,justin.coleman@yahoo.com,555-7890
16955,Brittany Murphy,brittany.murphy@gmail.com,555-2345
15350,Alexander Rivera,alexander.rivera@yahoo.com,555-6789
15605,Samantha Wright,samantha.wright@gmail.com,555-4321
18144,Dylan Long,dylan.long@yahoo.com,555-8765
15922,Monica Patel,monica.patel@gmail.com,555-2109
14594,Aaron Torres,aaron.torres@yahoo.com,555-5432
15165,Erica Hughes,erica.hughes@gmail.com,555-0987
14911,Steven Hill,steven.hill@yahoo.com,555-3456
16456,Sabrina Foster,sabrina.foster@gmail.com,555-7890
17841,Vincent Cox,vincent.cox@yahoo.com,555-2345
12472,Caroline White,caroline.white@gmail.com,555-6789
17346,Marcus Gonzalez,marcus.gonzalez@yahoo.com,555-4321
17643,Nicole Scott,nicole.scott@gmail.com,555-8765
17873,Joshua Patel,joshua.patel@yahoo.com,555-2109
13093,Miranda Carter,miranda.carter@gmail.com,555-5432
12921,Gabriel Kelly,gabriel.kelly@yahoo.com,555-0987
13468,Danielle Murphy,danielle.murphy@gmail.com,555-3456
17760,Rachel Green,rachel.green@yahoo.com,555-7890
16928,Christian Ward,christian.ward@gmail.com,555-2345
16048,Allison Brooks,allison.brooks@yahoo.com,555-6789
16274,Brandon Ramirez,brandon.ramirez@gmail.com,555-4321
14496,Caitlin Barnes,caitlin.barnes@yahoo.com,555-8765
14696,Jared Wright,jared.wright@gmail.com,555-2109
16539,Erin Russell,erin.russell@yahoo.com,555-5432
17025,Jordan Murphy,jordan.murphy@gmail.com,555-0987
13777,Hannah Cox,hannah.cox@yahoo.com,555-3456
17690,Patrick Ward,patrick.ward@gmail.com,555-7890
12947,Leslie Gonzalez,leslie.gonzalez@yahoo.com,555-2345
17460,Victoria Lee,victoria.lee@gmail.com,555-6789
18229,Andrew Martinez,andrew.martinez@yahoo.com,555-4321
14142,Rachel Bailey,rachel.bailey@gmail.com,555-8765
17069,Zachary Hughes,zachary.hughes@yahoo.com,555-2109
13065,Brittany Hill,brittany.hill@gmail.com,555-5432
14606,Bradley Kelly,bradley.kelly@yahoo.com,555-0987
16835,Vanessa Wright,vanessa.wright@gmail.com,555-3456
15235,Ian Foster,ian.foster@yahoo.com,555-7890
13576,Stephanie Cox,stephanie.cox@gmail.com,555-2345
18011,Nathan Ward,nathan.ward@yahoo.com,555-6789
13090,Samantha Brown,samantha.brown@outlook.com,555-1234
15694,Kevin Martinez,kevin.martinez@live.com,555-5678
14741,Lauren Rodriguez,lauren.rodriguez@aol.com,555-7890
13715,Justin Campbell,justin.campbell@icloud.com,555-2345
14092,Ashley Mitchell,ashley.mitchell@protonmail.com,555-6789
17732,Christopher Baker,christopher.baker@yandex.com,555-4321
12855,Stephanie Wright,stephanie.wright@zoho.com,555-8765
15752,Jeremy Hernandez,jeremy.hernandez@mail.com,555-2109
17855,Amber Perez,amber.perez@inbox.com,555-5432
14047,Rachel Foster,rachel.foster@mail.com,555-0987
17925,Brandon Turner,brandon.turner@domain.com,555-3456
13941,Courtney Wood,courtney.wood@domain.com,555-7890
17017,Taylor Bailey,taylor.bailey@domain.com,555-2345
14135,Jordan Rogers,jordan.rogers@domain.com,555-6789
13108,Madison Cox,madison.cox@domain.com,555-4321
12471,Tyler Richardson,tyler.richardson@domain.com,555-8765
15601,Alexis White,alexis.white@domain.com,555-2109
13418,Scott Brooks,scott.brooks@domain.com,555-5432
14766,Victoria Hill,victoria.hill@domain.com,555-0987
15658,Hannah Sullivan,hannah.sullivan@domain.com,555-3456
14388,Isaac Green,isaac.green@domain.com,555-7890
14901,Vanessa Reed,vanessa.reed@domain.com,555-2345
18041,Dylan Carter,dylan.carter@domain.com,555-6789
15955,Brianna Ward,brianna.ward@domain.com,555-4321
15070,Gabriel Cox,gabriel.cox@domain.com,555-8765
16244,Cassandra Murphy,cassandra.murphy@domain.com,555-2109
15111,Seth Foster,seth.foster@domain.com,555-5432
14390,Amber Patel,amber.patel@domain.com,555-0987
16546,Anna Mitchell,anna.mitchell@domain.com,555-3456
15260,Logan Ramirez,logan.ramirez@domain.com,555-7890
13305,Kelsey Stewart,kelsey.stewart@domain.com,555-2345
14491,Patrick Turner,patrick.turner@domain.com,555-6789
14060,Brianna Hayes,brianna.hayes@domain.com,555-4321
15923,Colin Nelson,colin.nelson@domain.com,555-8765
16752,Jennifer Hill,jennifer.hill@domain.com,555-2109
17287,Nathan Russell,nathan.russell@domain.com,555-5432
15363,Grace Rodriguez,grace.rodriguez@domain.com,555-0987
12915,Dakota Young,dakota.young@domain.com,555-3456
15544,Natalie Carter,natalie.carter@domain.com,555-7890
15738,Jason Wood,jason.wood@domain.com,555-2345
16042,Isabella Richardson,isabella.richardson@domain.com,555-6789
17381,Samantha Brooks,samantha.brooks@domain.com,555-4321
15827,Devin Green,devin.green@domain.com,555-8765
14180,Kaitlyn Ramirez,kaitlyn.ramirez@domain.com,555-2109
13117,Hunter Foster,hunter.foster@domain.com,555-5432
16916,Alexis Hayes,alexis.hayes@domain.com,555-0987
17964,Chloe Nelson,chloe.nelson@domain.com,555-3456
14466,Preston Russell,preston.russell@domain.com,555-7890
17235,Leah Murphy,leah.murphy@domain.com,555-2345
16510,Xavier Patel,xavier.patel@domain.com,555-6789
17802,Payton Turner,payton.turner@domain.com,555-4321
15107,Ariel Rodriguez,ariel.rodriguez@domain.com,555-8765
17976,Lily Hayes,lily.hayes@domain.com,555-2109
14449,Tanner Young,tanner.young@domain.com,555-5432
15838,Bailey Foster,bailey.foster@domain.com,555-0987
16781,Jesse Carter,jesse.carter@domain.com,555-3456
17547,Sydney Green,sydney.green@domain.com,555-7890
13491,Carter Ramirez,carter.ramirez@domain.com,555-2345
16186,Reagan Russell,reagan.russell@domain.com,555-6789
17685,Morgan Murphy,morgan.murphy@domain.com,555-4321
17581,Sawyer Patel,sawyer.patel@domain.com,555-8765
15732,Peyton Turner,peyton.turner@domain.com,555-2109
13138,Cameron Rodriguez,cameron.rodriguez@domain.com,555-5432
15823,Hayden Hayes,hayden.hayes@domain.com,555-0987
17567,Avery Nelson,avery.nelson@domain.com,555-3456
15061,Reagan Foster,reagan.foster@domain.com,555-7890
16203,Dylan Carter,dylan.carter@domain.com,555-2345
15640,Riley Green,riley.green@domain.com,555-6789
15574,Taylor Murphy,taylor.murphy@domain.com,555-4321
16770,Logan Ramirez,logan.ramirez@domain.com,555-8765
17838,Peyton Turner,peyton.turner@domain.com,555-2109
17228,Cameron Rodriguez,cameron.rodriguez@domain.com,555-5432
14829,Hayden Hayes,hayden.hayes@domain.com,555-0987
17412,Avery Nelson,avery.nelson@domain.com,555-3456
14031,Reagan Foster,reagan.foster@domain.com,555-7890
14775,Dylan Carter,dylan.carter@domain.com,555-2345
12971,Riley Green,riley.green@domain.com,555-6789
15834,Taylor Murphy,taylor.murphy@domain.com,555-4321
17659,Logan Ramirez,logan.ramirez@domain.com,555-8765
15299,Peyton Turner,peyton.turner@domain.com,555-2109
15646,Cameron Rodriguez,cameron.rodriguez@domain.com,555-5432
13958,Hayden Hayes,hayden.hayes@domain.com,555-0987
14443,Avery Nelson,avery.nelson@domain.com,555-3456
14156,Reagan Foster,reagan.foster@domain.com,555-7890
16995,Dylan Carter,dylan.carter@domain.com,555-2345
13402,Riley Green,riley.green@domain.com,555-6789
18168,Taylor Murphy,taylor.murphy@domain.com,555-4321
17757,Logan Ramirez,logan.ramirez@domain.com,555-8765
14625,Peyton Turner,peyton.turner@domain.com,555-2109
13011,Cameron Rodriguez,cameron.rodriguez@domain.com,555-5432
13798,Hayden Hayes,hayden.hayes@domain.com,555-0987
15384,Avery Nelson,avery.nelson@domain.com,555-3456
14264,Reagan Foster,reagan.foster@domain.com,555-7890
13295,Dylan Carter,dylan.carter@domain.com,555-2345
16754,Riley Green,riley.green@domain.com,555-6789
16634,Taylor Murphy,taylor.murphy@domain.com,555-4321
18239,Logan Ramirez,logan.ramirez@domain.com,555-8765
14576,Peyton Turner,peyton.turner@domain.com,555-2109
13145,Cameron Rodriguez,cameron.rodriguez@domain.com,555-5432
14395,Hayden Hayes,hayden.hayes@domain.com,555-0987
14865,Olivia Richardson,olivia.richardson@outlook.com,555-1234
15093,Ethan Turner,ethan.turner@outlook.com,555-5678
12738,Lily Brooks,lily.brooks@outlook.com,555-7890
16150,Mason Hayes,mason.hayes@outlook.com,555-2345
17552,Sophie Green,sophie.green@outlook.com,555-6789
14236,Connor Murphy,connor.murphy@outlook.com,555-4321
17961,Zoe Nelson,zoe.nelson@outlook.com,555-8765
14573,Julia Foster,julia.foster@outlook.com,555-2109
17135,Dylan Ramirez,dylan.ramirez@outlook.com,555-5432
17396,Maya Carter,maya.carter@outlook.com,555-0987
14213,Elijah Green,elijah.green@yahoo.com,555-3456
12967,Hailey Murphy,hailey.murphy@yahoo.com,555-7890
12686,Ryan Rodriguez,ryan.rodriguez@yahoo.com,555-2345
14679,Zoey Turner,zoey.turner@yahoo.com,555-6789
15240,Benjamin Hayes,benjamin.hayes@yahoo.com,555-4321
18225,Leah Nelson,leah.nelson@yahoo.com,555-8765
13370,Caleb Foster,caleb.foster@yahoo.com,555-2109
16883,Audrey Cox,audrey.cox@yahoo.com,555-5432
13520,Eli Russell,eli.russell@yahoo.com,555-0987
12841,Scarlett Carter,scarlett.carter@yahoo.com,555-3456
16905,Oliver Green,oliver.green@gmail.com,555-7890
12427,Natalie Murphy,natalie.murphy@gmail.com,555-2345
17967,Cooper Hayes,cooper.hayes@gmail.com,555-6789
16891,Savannah Nelson,savannah.nelson@gmail.com,555-4321
14589,Eliana Turner,eliana.turner@gmail.com,555-8765
14680,Tristan Foster,tristan.foster@gmail.com,555-2109
17884,Sydney Cox,sydney.cox@gmail.com,555-5432
12557,Gabriella Russell,gabriella.russell@gmail.com,555-0987
14083,Brody Carter,brody.carter@gmail.com,555-3456
13013,Ruby Green,ruby.green@gmail.com,555-7890
14210,Owen Murphy,owen.murphy@gmail.com,555-2345
16477,Isabelle Hayes,isabelle.hayes@gmail.com,555-6789
12600,Chase Nelson,chase.nelson@gmail.com,555-4321
16013,Aria Turner,aria.turner@gmail.com,555-8765
17949,Xavier Foster,xavier.foster@gmail.com,555-2109
12779,Violet Cox,violet.cox@gmail.com,555-5432
16926,Parker Russell,parker.russell@gmail.com,555-0987
17787,Clara Carter,clara.carter@gmail.com,555-3456
12682,Henry Green,henry.green@gmail.com,555-7890
14723,Peyton Murphy,peyton.murphy@gmail.com,555-2345
17954,Reagan Hayes,reagan.hayes@gmail.com,555-6789
17819,Gabrielle Nelson,gabrielle.nelson@gmail.com,555-4321
12712,Leo Turner,leo.turner@gmail.com,555-8765
15373,Audrey Foster,audrey.foster@gmail.com,555-2109
16140,Jasmine Cox,jasmine.cox@gmail.com,555-5432
17198,Colin Russell,colin.russell@gmail.com,555-0987
17238,Liliana Carter,liliana.carter@gmail.com,555-3456
12793,Elias Green,elias.green@gmail.com,555-7890
15769,Elena Murphy,elena.murphy@gmail.com,555-2345
14396,Eliana Hayes,eliana.hayes@gmail.com,555-6789
14898,Adam Nelson,adam.nelson@gmail.com,555-4321
12725,Anna Turner,anna.turner@gmail.com,555-8765
16725,Leo Foster,leo.foster@gmail.com,555-2109
12395,Summer Cox,summer.cox@gmail.com,555-5432
16455,Hope Russell,hope.russell@gmail.com,555-0987
13081,Maxwell Carter,maxwell.carter@gmail.com,555-3456
15545,Naomi Green,naomi.green@gmail.com,555-7890
17243,Xavier Murphy,xavier.murphy@gmail.com,555-2345
15465,Eva Hayes,eva.hayes@gmail.com,555-6789
15708,Hudson Nelson,hudson.nelson@gmail.com,555-4321
13089,Sophie Turner,sophie.turner@gmail.com,555-8765
16033,Samuel Foster,samuel.foster@gmail.com,555-2109
13838,Elena Cox,elena.cox@gmail.com,555-5432
15351,Jonah Russell,jonah.russell@gmail.com,555-0987
18055,Penelope Carter,penelope.carter@gmail.com,555-3456
15038,Nathan Green,nathan.green@gmail.com,555-7890
18109,Valeria Murphy,valeria.murphy@gmail.com,555-2345
13069,Landon Hayes,landon.hayes@gmail.com,555-6789
16241,Nora Nelson,nora.nelson@gmail.com,555-4321
14800,Jaxon Turner,jaxon.turner@gmail.com,555-8765
16839,Clara Foster,clara.foster@gmail.com,555-2109
16168,Cameron Cox,cameron.cox@gmail.com,555-5432
16931,Elise Russell,elise.russell@gmail.com,555-0987
16814,Carson Carter,carson.carter@gmail.com,555-3456
13269,Aurora Green,aurora.green@gmail.com,555-7890
14813,Oliver Murphy,oliver.murphy@gmail.com,555-2345
12567,Sadie Hayes,sadie.hayes@gmail.com,555-6789
17062,Mateo Nelson,mateo.nelson@gmail.com,555-4321
15332,Julia Turner,julia.turner@gmail.com,555-8765
14810,Brody Foster,brody.foster@gmail.com,555-2109
16353,Alice Cox,alice.cox@gmail.com,555-5432
18118,Eli Russell,eli.russell@gmail.com,555-0987
13831,Stella Carter,stella.carter@gmail.com,555-3456
13506,Micah Green,micah.green@gmail.com,555-7890
17796,Ivy Murphy,ivy.murphy@gmail.com,555-2345
15716,Kaden Hayes,kaden.hayes@gmail.com,555-6789
18156,Madeline Nelson,madeline.nelson@gmail.com,555-4321
15221,Easton Turner,easton.turner@gmail.com,555-8765
16983,Brynn Foster,brynn.foster@gmail.com,555-2109
17059,Roman Cox,roman.cox@gmail.com,555-5432
16327,Isla Russell,isla.russell@gmail.com,555-0987
17211,Asher Carter,asher.carter@gmail.com,555-3456
17026,Clara Green,clara.green@gmail.com,555-7890
15570,Ryder Murphy,ryder.murphy@gmail.com,555-2345
15880,Adelaide Hayes,adelaide.hayes@gmail.com,555-6789
16718,Jonah Nelson,jonah.nelson@gmail.com,555-4321
15808,Elaina Turner,elaina.turner@gmail.com,555-8765
17858,Jax Foster,jax.foster@gmail.com,555-2109
16393,Lily Cox,lily.cox@gmail.com,555-5432
14161,Gabriel Russell,gabriel.russell@gmail.com,555-0987
17863,Emma Hayes,emma.hayes@outlook.com,555-1234
16411,Levi Nelson,levi.nelson@outlook.com,555-5678
16402,Naomi Turner,naomi.turner@outlook.com,555-7890
15023,Leo Foster,leo.foster@outlook.com,555-2345
17402,Stella Cox,stella.cox@outlook.com,555-6789
15426,Cole Russell,cole.russell@outlook.com,555-4321
12647,Clara Carter,clara.carter@outlook.com,555-8765
15894,Ezra Green,ezra.green@outlook.com,555-2109
15867,Eva Murphy,eva.murphy@outlook.com,555-5432
14506,Lincoln Hayes,lincoln.hayes@yahoo.com,555-0987
15555,Aurora Nelson,aurora.nelson@yahoo.com,555-3456
13034,Nora Turner,nora.turner@yahoo.com,555-7890
15889,Xavier Foster,xavier.foster@yahoo.com,555-2345
15953,Elena Cox,elena.cox@yahoo.com,555-6789
16143,Mateo Russell,mateo.russell@yahoo.com,555-4321
12720,Riley Carter,riley.carter@yahoo.com,555-8765
16422,Zoe Green,zoe.green@yahoo.com,555-2109
12747,Lucy Murphy,lucy.murphy@yahoo.com,555-5432
15502,Eli Hayes,eli.hayes@yahoo.com,555-0987
12763,Scarlett Nelson,scarlett.nelson@yahoo.com,555-3456
14081,Micah Turner,micah.turner@gmail.com,555-7890
17965,Maya Foster,maya.foster@gmail.com,555-2345
14404,Adam Cox,adam.cox@gmail.com,555-6789
13579,Violet Russell,violet.russell@gmail.com,555-4321
13174,Carter Carter,carter.carter@gmail.com,555-8765
